{"tempo":120,"tempo1":180,"tempo2":110,"beats":[0,0.5,1,1.5,2,2.5,3,3.5,4,4.5,5,5.5,6,6.5,7,7.5,8,8.5,9,9.5,10,10.5,11,11.5,12,12.5,13,13.5,14,14.5,15,15.5,16,16.5,17,17.5,18,18.5,19,19.5,20,20.5,21,21.5,22,22.5,23,23.5,24,24.5,25,25.5,26,26.5,27,27.5,28,28.5,29,29.5,30,30.5,31,31.5,32,32.5,33,33.5,34,34.5,35,35.5,36,36.5,37,37.5,38,38.5,39,39.5,40,40.5,41,41.5,42,42.5,43,43.5,44,44.5,45,45.5,46,46.5,47,47.5,48,48.5,49,49.5,50,50.5,51,51.5,52,52.5,53,53.5,54,54.5,55,55.5,56,56.5,57,57.5,58,58.5,59,59.5,60,60.5,61,61.5,62,62.5,63,63.5,64,64.5,65,65.5,66,66.5,67,67.5,68,68.5,69,69.5,70,70.5,71,71.5,72,72.5,73,73.5,74,74.5,75,75.5,76,76.5,77,77.5,78,78.5,79,79.5,80,80.5,81,81.5,82,82.5,83,83.5,84,84.5,85,85.5,86,86.5,87,87.5,88,88.5,89,89.5,90,90.5,91,91.5,92,92.5,93,93.5,94,94.5,95,95.5,96,96.5,97,97.5,98,98.5,99,99.5],"beats1":[0,0.3,0.6,0.8999999999999999,1.2,1.5,1.7999999999999998,2.1,2.4,2.6999999999999997,3,3.3,3.5999999999999996,3.9,4.2,4.5,4.8,5.1,5.3999999999999995,5.7,6,6.3,6.6,6.8999999999999995,7.199999999999999,7.5,7.8,8.1,8.4,8.7,9,9.299999999999999,9.6,9.9,10.2,10.5,10.799999999999999,11.1,11.4,11.7,12,12.299999999999999,12.6,12.9,13.2,13.5,13.799999999999999,14.1,14.399999999999999,14.7,15,15.299999999999999,15.6,15.899999999999999,16.2,16.5,16.8,17.099999999999998,17.4,17.7,18,18.3,18.599999999999998,18.9,19.2,19.5,19.8,20.099999999999998,20.4,20.7,21,21.3,21.599999999999998,21.9,22.2,22.5,22.8,23.099999999999998,23.4,23.7,24,24.3,24.599999999999998,24.9,25.2,25.5,25.8,26.099999999999998,26.4,26.7,27,27.3,27.599999999999998,27.9,28.2,28.5,28.799999999999997,29.099999999999998,29.4,29.7,30,30.299999999999997,30.599999999999998,30.9,31.2,31.5,31.799999999999997,32.1,32.4,32.699999999999996,33,33.3,33.6,33.9,34.199999999999996,34.5,34.8,35.1,35.4,35.699999999999996,36,36.3,36.6,36.9,37.199999999999996,37.5,37.8,38.1,38.4,38.699999999999996,39,39.3,39.6,39.9,40.199999999999996,40.5,40.8,41.1,41.4,41.699999999999996,42,42.3,42.6,42.9,43.199999999999996,43.5,43.8,44.1,44.4,44.699999999999996,45,45.3,45.6,45.9,46.199999999999996,46.5,46.8,47.1,47.4,47.699999999999996,48,48.3,48.6,48.9,49.199999999999996,49.5,49.8,50.1,50.4,50.699999999999996,51,51.3,51.6,51.9,52.199999999999996,52.5,52.8,53.1,53.4,53.699999999999996,54,54.3,54.6,54.9,55.199999999999996,55.5,55.8,56.1,56.4,56.699999999999996,57,57.3,57.599999999999994,57.9,58.199999999999996,58.5,58.8,59.099999999999994,59.4,59.699999999999996],"beats2":[0,0.4,0.8,1.2000000000000002,1.6,2,2.4000000000000004,2.8000000000000003,3.2,3.6,4,4.4,4.800000000000001,5.2,5.6000000000000005,6,6.4,6.800000000000001,7.2,7.6000000000000005,8,8.4,8.8,9.200000000000001,9.600000000000001,10,10.4,10.8,11.200000000000001,11.600000000000001,12,12.4,12.8,13.200000000000001,13.600000000000001,14,14.4,14.8,15.200000000000001,15.600000000000001,16,16.400000000000002,16.8,17.2,17.6,18,18.400000000000002,18.8,19.200000000000003,19.6,20,20.400000000000002,20.8,21.200000000000003,21.6,22,22.400000000000002,22.8,23.200000000000003,23.6,24,24.400000000000002,24.8,25.200000000000003,25.6,26,26.400000000000002,26.8,27.200000000000003,27.6,28,28.400000000000002,28.8,29.200000000000003,29.6,30,30.400000000000002,30.8,31.200000000000003,31.6,32,32.4,32.800000000000004,33.2,33.6,34,34.4,34.800000000000004,35.2,35.6,36,36.4,36.800000000000004,37.2,37.6,38,38.400000000000006,38.800000000000004,39.2,39.6,40,40.400000000000006,40.800000000000004,41.2,41.6,42,42.400000000000006,42.800000000000004,43.2,43.6,44,44.400000000000006,44.800000000000004,45.2,45.6,46,46.400000000000006,46.800000000000004,47.2,47.6,48,48.400000000000006,48.800000000000004,49.2,49.6,50,50.400000000000006,50.800000000000004,51.2,51.6,52,52.400000000000006,52.800000000000004,53.2,53.6,54,54.400000000000006,54.800000000000004,55.2,55.6,56,56.400000000000006,56.800000000000004,57.2,57.6,58,58.400000000000006,58.800000000000004,59.2,59.6,60,60.400000000000006,60.800000000000004,61.2,61.6,62,62.400000000000006,62.800000000000004,63.2,63.6,64,64.4,64.8,65.2,65.60000000000001,66,66.4,66.8,67.2,67.60000000000001,68,68.4,68.8,69.2,69.60000000000001,70,70.4,70.8,71.2,71.60000000000001,72,72.4,72.8,73.2,73.60000000000001,74,74.4,74.8,75.2,75.60000000000001,76,76.4,76.80000000000001,77.2,77.60000000000001,78,78.4,78.80000000000001,79.2,79.60000000000001]}